#title = mean sea level anomaly Atlantic Ocean (Annual signals retained) ,,,,
#institution = NOAA/Laboratory for Satellite Altimetry ,,,,
#references = NOAA Sea Level Rise (http://www.star.nesdis.noaa.gov/sod/lsa/SeaLevelRise/) and Radar Altimeter Database System (http://www.deos.tudelft.nl/altim/rads/) ,,,,
#comment = Data use policy: In publications, presentations, or on web pages based on LSA data the following acknowledgment should be included: 'Altimetry data are provided by NOAA Laboratory for Satellite Altimetry.' ,,
#trend = 3.17 mm/year (no glacial isostatic adjustment correction) ,,,,
year,TOPEX/Poseidon,Jason-1,Jason-2,Jason-3
1992.9615,-15.46,,,
1992.987,-10.36,,,
1993.0128,-12.36,,,
1993.0413,-9.96,,,
1993.0663,-19.16,,,
1993.0976,-23.06,,,
1993.1213,-25.66,,,
1993.1498,-24.66,,,
1993.1768,-23.76,,,
1993.204,-21.66,,,
1993.2311,-34.26,,,
1993.2855,-27.36,,,
1993.3126,-28.66,,,
1993.3397,-29.36,,,
1993.3669,-20.26,,,
1993.394,-28.26,,,
1993.4212,-41.06,,,
1993.4484,-31.66,,,
1993.4755,-38.66,,,
1993.5024,-30.66,,,
1993.5297,-29.26,,,
1993.584,-23.56,,,
1993.6118,-25.56,,,
1993.6385,-13.26,,,
1993.6655,-12.46,,,
1993.6927,-6.76,,,
1993.7193,-0.46,,,
1993.747,-2.56,,,
1993.7742,3.24,,,
1993.8012,-0.76,,,
1993.8556,9.94,,,
1993.8828,2.24,,,
1993.9101,0.24,,,
1993.937,-0.46,,,
1993.9643,-3.86,,,
1993.9911,-1.36,,,
1994.0185,-13.86,,,
1994.0454,-21.06,,,
1994.0726,-31.26,,,
1994.0999,-24.56,,,
1994.127,-24.16,,,
1994.1542,-9.16,,,
1994.1812,-18.66,,,
1994.2356,-29.06,,,
1994.2628,-26.56,,,
1994.29,-26.06,,,
1994.3173,-22.76,,,
1994.3442,-21.16,,,
1994.3713,-19.96,,,
1994.3985,-15.36,,,
1994.4256,-26.36,,,
1994.4527,-25.96,,,
1994.507,-12.26,,,
1994.5342,-43.36,,,
1994.5615,-45.66,,,
1994.5886,-21.16,,,
1994.6158,-19.06,,,
1994.6429,-14.36,,,
1994.6701,-8.46,,,
1994.6972,-2.36,,,
1994.7243,-6.66,,,
1994.7513,7.74,,,
1994.7784,1.04,,,
1994.8058,7.44,,,
1994.8328,4.84,,,
1994.8872,7.54,,,
1994.9144,1.94,,,
1994.9416,0.14,,,
1994.9688,-6.06,,,
1994.9959,-10.26,,,
1995.023,-9.86,,,
1995.0501,-23.56,,,
1995.0772,-25.16,,,
1995.1044,-21.46,,,
1995.1315,-11.76,,,
1995.1585,-1.76,,,
1995.2129,-22.46,,,
1995.2402,-26.96,,,
1995.2673,-15.36,,,
1995.2945,-9.76,,,
1995.3214,-23.56,,,
1995.3759,-10.36,,,
1995.4031,-12.76,,,
1995.4301,-18.16,,,
1995.4573,-18.26,,,
1995.4843,-25.66,,,
1995.5388,-19.86,,,
1995.5659,-24.36,,,
1995.593,-16.86,,,
1995.6202,4.14,,,
1995.6474,-4.16,,,
1995.6742,-5.16,,,
1995.7017,-4.26,,,
1995.7288,7.74,,,
1995.756,17.44,,,
1995.783,10.64,,,
1995.8374,3.34,,,
1995.8646,8.54,,,
1995.8902,9.24,,,
1995.946,15.64,,,
1995.9732,7.94,,,
1996.0001,-10.36,,,
1996.0274,-10.76,,,
1996.0538,-15.86,,,
1996.0817,-6.56,,,
1996.1088,-10.96,,,
1996.1635,-8.66,,,
1996.1902,-10.26,,,
1996.2175,-17.56,,,
1996.2445,-19.66,,,
1996.2718,-13.86,,,
1996.299,-23.56,,,
1996.3261,-19.06,,,
1996.3532,-16.56,,,
1996.3803,-4.16,,,
1996.4075,-2.26,,,
1996.4345,-28.46,,,
1996.4889,-31.66,,,
1996.5161,-18.96,,,
1996.5432,-5.06,,,
1996.5705,3.84,,,
1996.5976,-18.86,,,
1996.6249,-15.86,,,
1996.6518,-7.66,,,
1996.679,-9.26,,,
1996.7055,-3.26,,,
1996.7339,3.34,,,
1996.7603,15.84,,,
1996.8148,24.04,,,
1996.8419,16.84,,,
1996.8691,18.54,,,
1996.8962,3.94,,,
1996.9234,-3.06,,,
1996.9506,-2.76,,,
1996.9774,-9.46,,,
1997.0048,-9.36,,,
1997.032,3.04,,,
1997.0591,12.54,,,
1997.0861,-1.96,,,
1997.1406,-28.56,,,
1997.1675,-21.36,,,
1997.1948,-5.86,,,
1997.2219,-11.46,,,
1997.2491,-29.36,,,
1997.2763,-28.46,,,
1997.3034,-21.46,,,
1997.3305,-15.06,,,
1997.3578,-6.96,,,
1997.3847,-7.86,,,
1997.4119,-18.56,,,
1997.4662,-26.46,,,
1997.4933,-22.36,,,
1997.5205,-24.26,,,
1997.5477,-16.26,,,
1997.5748,-20.46,,,
1997.6291,-19.46,,,
1997.6563,0.94,,,
1997.6832,7.54,,,
1997.7107,10.54,,,
1997.7377,3.24,,,
1997.7921,18.44,,,
1997.8192,13.44,,,
1997.8464,19.54,,,
1997.8735,19.24,,,
1997.9006,8.84,,,
1997.9278,-10.56,,,
1997.955,-7.96,,,
1997.9821,-5.86,,,
1998.0087,-2.46,,,
1998.0364,7.44,,,
1998.0907,-19.26,,,
1998.1178,-10.06,,,
1998.1449,-10.96,,,
1998.1722,-4.96,,,
1998.1992,1.34,,,
1998.2265,-19.26,,,
1998.2536,-16.26,,,
1998.2795,-13.46,,,
1998.3078,-12.36,,,
1998.3349,-10.36,,,
1998.362,-0.36,,,
1998.4162,-29.26,,,
1998.4436,-34.06,,,
1998.4707,-16.66,,,
1998.4979,-2.86,,,
1998.5251,7.64,,,
1998.5521,5.84,,,
1998.6065,-8.36,,,
1998.6336,3.94,,,
1998.6607,11.04,,,
1998.6879,16.34,,,
1998.7151,18.04,,,
1998.7423,2.54,,,
1998.7691,13.44,,,
1998.8237,33.74,,,
1998.8508,21.14,,,
1998.8779,8.24,,,
1998.9048,-4.26,,,
1998.9323,-5.16,,,
1998.9595,12.34,,,
1998.9866,15.44,,,
1999.0137,15.14,,,
1999.0407,-5.16,,,
1999.0952,1.84,,,
1999.1261,12.84,,,
1999.1494,4.84,,,
1999.1766,-1.66,,,
1999.2038,-3.86,,,
1999.2309,-33.06,,,
1999.258,-22.96,,,
1999.285,-0.26,,,
1999.3395,-9.66,,,
1999.3666,-20.66,,,
1999.3937,-35.06,,,
1999.4209,-18.46,,,
1999.4481,-10.76,,,
1999.4752,-9.36,,,
1999.5024,-7.26,,,
1999.5294,-11.46,,,
1999.5567,-13.16,,,
1999.5839,1.24,,,
1999.6109,-1.96,,,
1999.6381,8.14,,,
1999.6924,3.64,,,
1999.7196,8.14,,,
1999.7465,14.84,,,
1999.7739,12.54,,,
1999.8012,16.14,,,
1999.8282,10.74,,,
1999.8554,7.34,,,
1999.8826,6.54,,,
1999.9096,10.14,,,
1999.964,11.84,,,
1999.9911,-1.66,,,
2000.0181,7.34,,,
2000.0453,13.74,,,
2000.0725,9.24,,,
2000.0995,1.94,,,
2000.1268,5.34,,,
2000.1539,-9.26,,,
2000.1811,-14.46,,,
2000.2082,-23.66,,,
2000.2352,-15.06,,,
2000.2896,-1.46,,,
2000.3168,-4.96,,,
2000.3438,-16.96,,,
2000.3711,-14.56,,,
2000.3982,-11.46,,,
2000.4253,-7.16,,,
2000.4526,-9.96,,,
2000.4797,-23.86,,,
2000.5068,-22.96,,,
2000.5339,-12.36,,,
2000.5883,0.54,,,
2000.6151,-5.16,,,
2000.6426,-7.86,,,
2000.6698,-9.66,,,
2000.6969,7.84,,,
2000.7238,11.34,,,
2000.7513,11.74,,,
2000.7784,1.04,,,
2000.8054,18.84,,,
2000.8598,12.34,,,
2000.8863,11.74,,,
2000.9147,11.44,,,
2000.9413,7.34,,,
2000.9684,5.74,,,
2000.9956,4.04,,,
2001.0225,3.94,,,
2001.0771,10.64,,,
2001.1041,3.84,,,
2001.1312,4.04,,,
2001.1584,-2.96,,,
2001.1855,-1.96,,,
2001.2127,-2.06,,,
2001.2398,-7.16,,,
2001.267,-12.16,,,
2001.2941,-12.56,,,
2001.3212,-20.16,,,
2001.3485,-9.66,,,
2001.3755,-16.06,,,
2001.4027,-17.06,,,
2001.4299,-19.86,,,
2001.457,-21.06,,,
2001.4842,-13.96,,,
2001.5113,-3.26,,,
2001.5385,-0.86,,,
2001.5657,3.34,,,
2001.5927,-1.36,,,
2001.6199,-13.36,,,
2001.6471,-5.26,,,
2001.6741,6.64,,,
2001.7012,19.24,,,
2001.7286,20.74,,,
2001.7557,17.84,,,
2001.783,17.84,,,
2001.81,23.54,,,
2001.8371,32.44,,,
2001.8643,31.84,,,
2001.8919,18.04,,,
2001.9186,9.54,,,
2001.9458,3.34,,,
2001.9729,15.24,,,
2002,23.74,,,
2002.0273,10.24,,,
2002.0536,,-0.01,,
2002.0542,2.74,,,
2002.0813,13.44,,,
2002.082,,18.19,,
2002.1086,10.44,18.89,,
2002.1354,,13.29,,
2002.1356,7.04,,,
2002.163,,17.69,,
2002.1631,18.94,,,
2002.1901,7.24,-0.41,,
2002.2172,-3.26,-10.71,,
2002.2441,,-22.01,,
2002.2443,-22.46,,,
2002.2715,-17.46,-10.01,,
2002.2987,,-10.71,,
2002.2994,-17.86,,,
2002.3257,-1.56,,,
2002.3258,,0.49,,
2002.3529,-9.66,-9.21,,
2002.3799,-5.46,,,
2002.38,,-6.11,,
2002.4072,-4.36,-5.41,,
2002.4343,-14.76,-11.51,,
2002.4615,-14.66,-15.41,,
2002.4886,-27.86,-33.91,,
2002.5159,,-20.01,,
2002.5429,0.14,,,
2002.543,,-5.51,,
2002.57,-3.86,,,
2002.5701,,-0.31,,
2002.5973,3.24,10.09,,
2002.6244,,9.39,,
2002.6247,4.24,,,
2002.6516,,9.69,,
2002.6551,12.54,,,
2002.6787,24.84,19.79,,
2002.7058,,30.59,,
2002.7065,34.94,,,
2002.733,21.34,24.29,,
2002.7601,8.04,,,
2002.7602,,15.39,,
2002.7865,28.34,,,
2002.7873,,31.99,,
2002.8145,,21.29,,
2002.8146,26.44,,,
2002.8416,29.44,20.29,,
2002.8684,13.24,,,
2002.8688,,3.49,,
2002.8945,,4.89,,
2002.8968,7.64,,,
2002.923,21.94,15.09,,
2002.9501,21.34,,,
2002.9502,,15.89,,
2002.9773,14.34,,,
2002.9774,,6.09,,
2003.0044,13.54,,,
2003.0046,,5.79,,
2003.0316,14.14,,,
2003.0317,,7.89,,
2003.0588,17.54,,,
2003.0589,,13.79,,
2003.0859,-3.76,-0.61,,
2003.113,11.24,8.79,,
2003.1401,10.14,,,
2003.1403,,6.19,,
2003.1673,11.54,,,
2003.1674,,1.29,,
2003.1946,19.74,10.99,,
2003.2216,12.74,8.69,,
2003.2487,-2.66,,,
2003.2489,,-2.81,,
2003.2758,1.44,,,
2003.2804,,-0.81,,
2003.303,-0.06,-4.81,,
2003.3302,25.04,,,
2003.3303,,17.19,,
2003.3573,19.94,,,
2003.3574,,9.49,,
2003.3844,1.54,,,
2003.3845,,-2.21,,
2003.4116,5.84,,,
2003.4117,,3.69,,
2003.4386,8.14,,,
2003.4388,,-3.11,,
2003.466,19.44,5.19,,
2003.4931,24.34,8.29,,
2003.5202,14.24,,,
2003.5203,,8.19,,
2003.5473,10.24,,,
2003.5475,,10.49,,
2003.5745,4.14,,,
2003.5747,,7.89,,
2003.6017,23.44,,,
2003.6018,,21.19,,
2003.6287,22.84,,,
2003.629,,18.49,,
2003.6559,15.04,,,
2003.656,,9.89,,
2003.6831,23.94,,,
2003.6832,,22.89,,
2003.7103,23.44,,,
2003.7104,,30.99,,
2003.7375,32.34,38.79,,
2003.7645,37.34,,,
2003.7647,,40.79,,
2003.7917,41.34,,,
2003.7918,,37.99,,
2003.819,,39.69,,
2003.8192,45.74,,,
2003.846,54.24,,,
2003.8461,,42.69,,
2003.8711,,33.09,,
2003.8732,35.24,,,
2003.9003,24.54,,,
2003.9113,,25.79,,
2003.9273,25.94,,,
2003.9275,,23.39,,
2003.9548,35.54,25.99,,
2003.9817,25.84,,,
2003.9819,,15.19,,
2004.0089,16.34,,,
2004.009,,13.59,,
2004.0359,18.24,,,
2004.0362,,22.39,,
2004.0631,13.84,,,
2004.0632,,19.19,,
2004.0902,12.84,,,
2004.0905,,15.09,,
2004.1137,,8.99,,
2004.1177,18.94,,,
2004.1447,19.54,,,
2004.1491,,12.09,,
2004.1718,-0.46,-1.21,,
2004.1989,3.54,6.49,,
2004.226,13.74,,,
2004.2262,,15.39,,
2004.2518,,-2.61,,
2004.2534,0.34,,,
2004.2802,-0.26,,,
2004.2805,,-6.91,,
2004.3076,0.94,,,
2004.3077,,-6.31,,
2004.3347,6.24,,,
2004.3348,,1.69,,
2004.3618,2.74,,,
2004.3619,,-0.51,,
2004.3883,-11.06,,,
2004.389,,-12.61,,
2004.4162,,-2.21,,
2004.4433,,-2.21,,
2004.4705,,-1.41,,
2004.4731,6.74,,,
2004.4975,5.74,,,
2004.4977,,9.09,,
2004.5228,-3.06,,,
2004.5248,,2.89,,
2004.5503,-6.06,,,
2004.552,,-0.71,,
2004.5772,1.84,,,
2004.5791,,6.19,,
2004.6063,,18.19,,
2004.6066,19.14,,,
2004.6334,,22.69,,
2004.6335,22.94,,,
2004.6604,10.74,,,
2004.6606,,13.99,,
2004.6874,22.14,,,
2004.6878,,28.29,,
2004.7148,35.84,,,
2004.7149,,40.99,,
2004.742,,37.79,,
2004.7423,35.54,,,
2004.769,53.24,,,
2004.7691,,48.89,,
2004.7962,37.84,,,
2004.7963,,38.69,,
2004.8235,,31.99,,
2004.8236,32.24,,,
2004.8504,39.04,,,
2004.8506,,41.49,,
2004.8776,30.94,,,
2004.8777,,34.39,,
2004.9047,25.64,,,
2004.9048,,26.69,,
2004.932,27.64,,,
2004.9321,,21.79,,
2004.9543,20.84,,,
2004.9593,,18.09,,
2004.9861,25.84,,,
2004.9864,,30.99,,
2005.0135,10.24,21.59,,
2005.0404,26.24,32.09,,
2005.0677,24.94,,,
2005.0678,,30.49,,
2005.0948,15.84,,,
2005.0949,,14.09,,
2005.122,8.44,7.49,,
2005.149,-1.66,,,
2005.1493,,6.59,,
2005.1762,5.14,,,
2005.1763,,16.59,,
2005.2034,,15.69,,
2005.2035,7.44,,,
2005.2305,,20.69,,
2005.2306,15.84,,,
2005.2577,11.74,13.39,,
2005.2848,15.54,,,
2005.2849,,16.99,,
2005.3103,9.94,,,
2005.312,,20.29,,
2005.3392,,20.59,,
2005.3395,11.14,,,
2005.3662,-4.16,,,
2005.3663,,0.89,,
2005.3936,5.04,5.59,,
2005.4202,8.04,,,
2005.4207,,8.19,,
2005.4477,15.24,,,
2005.4478,,18.99,,
2005.4748,7.94,,,
2005.475,,16.79,,
2005.5021,3.64,15.59,,
2005.5292,,27.79,,
2005.5294,18.04,,,
2005.5563,12.24,,,
2005.5564,,17.79,,
2005.5835,4.84,,,
2005.5838,,7.99,,
2005.6107,19.34,,,
2005.6108,,21.49,,
2005.6378,23.34,,,
2005.638,,30.89,,
2005.6649,7.44,,,
2005.665,,18.49,,
2005.6921,11.84,20.09,,
2005.7141,,27.49,,
2005.7194,30.24,,,
2005.7465,44.84,,,
2005.7512,,45.19,,
2005.7658,27.64,,,
2005.7736,,31.69,,
2005.8008,,24.79,,
2005.828,,28.39,,
2005.8551,,42.49,,
2005.8823,,24.69,,
2005.9094,,32.99,,
2005.9366,,37.19,,
2005.9637,,27.69,,
2005.9908,,18.99,,
2006.018,,6.69,,
2006.0452,,14.79,,
2006.0722,,17.99,,
2006.0994,,16.39,,
2006.1265,,10.99,,
2006.1537,,10.69,,
2006.1808,,1.99,,
2006.208,,-0.31,,
2006.2351,,4.59,,
2006.2623,,10.29,,
2006.2894,,-1.31,,
2006.3165,,1.89,,
2006.3437,,7.29,,
2006.3709,,16.79,,
2006.3979,,17.69,,
2006.4252,,10.39,,
2006.4523,,7.99,,
2006.4794,,11.49,,
2006.5067,,11.29,,
2006.5337,,15.29,,
2006.5609,,23.49,,
2006.5881,,18.99,,
2006.6152,,6.79,,
2006.6424,,24.59,,
2006.6696,,39.19,,
2006.6967,,41.29,,
2006.7238,,38.49,,
2006.751,,39.79,,
2006.7782,,49.39,,
2006.8054,,44.59,,
2006.8246,,46.19,,
2006.8896,,26.49,,
2006.9139,,26.99,,
2006.9408,,32.29,,
2006.9682,,30.09,,
2006.9953,,26.79,,
2007.0223,,20.49,,
2007.0495,,20.59,,
2007.0767,,15.49,,
2007.1038,,13.79,,
2007.1303,,5.39,,
2007.1582,,9.49,,
2007.1852,,13.69,,
2007.2124,,15.39,,
2007.2396,,18.09,,
2007.2665,,19.39,,
2007.2938,,2.49,,
2007.3209,,6.99,,
2007.3482,,-5.51,,
2007.3753,,2.69,,
2007.4025,,16.79,,
2007.4296,,17.79,,
2007.4567,,2.19,,
2007.484,,17.09,,
2007.5111,,16.79,,
2007.5382,,14.29,,
2007.5654,,15.09,,
2007.5926,,14.09,,
2007.6197,,19.49,,
2007.6469,,14.99,,
2007.674,,26.99,,
2007.7011,,27.09,,
2007.7283,,34.99,,
2007.7555,,43.19,,
2007.7825,,45.69,,
2007.8097,,39.29,,
2007.8369,,30.69,,
2007.864,,18.09,,
2007.8912,,31.69,,
2007.9183,,31.89,,
2007.9455,,29.99,,
2007.9726,,20.29,,
2007.9998,,14.19,,
2008.027,,16.59,,
2008.054,,22.69,,
2008.0812,,21.69,,
2008.1083,,14.79,,
2008.1354,,9.89,,
2008.1626,,0.59,,
2008.1898,,10.59,,
2008.2169,,10.19,,
2008.244,,5.89,,
2008.2711,,9.99,,
2008.2983,,14.79,,
2008.3255,,20.69,,
2008.3465,,10.79,,
2008.3798,,8.19,,
2008.4069,,13.39,,
2008.4341,,4.29,,
2008.4613,,14.49,,
2008.4884,,28.39,,
2008.5156,,25.49,,
2008.5427,,18.99,,
2008.5428,,,17.2,
2008.5699,,11.39,12.2,
2008.5923,,4.59,,
2008.5972,,,5,
2008.6242,,,14.7,
2008.6508,,,11.9,
2008.6512,,8.79,,
2008.6786,,16.99,16.7,
2008.7056,,30.49,30.4,
2008.7327,,30.29,,
2008.7328,,,29.5,
2008.7598,,33.99,30.5,
2008.787,,31.19,31.2,
2008.8142,,38.69,37.1,
2008.8413,,46.39,43.3,
2008.8685,,53.89,50.8,
2008.8957,,51.29,48.5,
2008.9228,,31.99,27.9,
2008.9499,,25.59,25.2,
2008.9772,,28.09,24.9,
2009.0044,,20.09,16.8,
2009.0314,,7.09,,
2009.032,,,6.3,
2009.0586,,13.09,17,
2009.0856,,,18.9,
2009.1128,,,20.1,
2009.1269,,16.89,,
2009.1399,,,20.5,
2009.1534,,21.09,,
2009.167,,,24,
2009.1806,,22.79,,
2009.1943,,,24.9,
2009.2078,,25.89,,
2009.2214,,,20.9,
2009.2349,,14.59,,
2009.2485,,,9.8,
2009.262,,7.69,,
2009.2757,,,14.1,
2009.2892,,18.59,,
2009.3028,,,18.4,
2009.3163,,14.49,,
2009.33,,,15.8,
2009.3435,,21.19,,
2009.357,,,28.2,
2009.3706,,26.19,,
2009.3843,,,23,
2009.3978,,20.09,,
2009.4111,,,12.9,
2009.4249,,18.49,,
2009.4385,,,22,
2009.4521,,23.19,,
2009.4657,,,18.5,
2009.4792,,17.79,,
2009.4929,,,17,
2009.5064,,24.69,,
2009.5201,,,22.5,
2009.5336,,26.79,,
2009.5472,,,26.6,
2009.5607,,25.39,,
2009.5744,,,10.8,
2009.5879,,14.39,,
2009.6014,,,20.3,
2009.615,,23.89,,
2009.6286,,,32.9,
2009.6422,,27.99,,
2009.6559,,,29.6,
2009.6693,,27.29,,
2009.6828,,,26.1,
2009.695,,32.89,,
2009.7101,,,36.2,
2009.736,,43.19,,
2009.7372,,,31.6,
2009.7507,,34.39,,
2009.7644,,,43,
2009.7779,,47.89,,
2009.7916,,,50.4,
2009.805,,50.89,,
2009.8187,,,55.3,
2009.8322,,55.19,,
2009.8458,,,46.7,
2009.8593,,37.19,,
2009.8729,,,34.3,
2009.8865,,39.89,,
2009.9001,,,42.7,
2009.9136,,38.69,,
2009.9272,,,40.3,
2009.9408,,41.99,,
2009.9544,,,38.2,
2009.9679,,36.19,,
2009.9816,,,37.3,
2009.9951,,36.59,,
2010.0088,,,29.8,
2010.0222,,24.99,,
2010.0359,,,18.3,
2010.0494,,19.59,,
2010.063,,,24.3,
2010.0765,,17.29,,
2010.0901,,,14.5,
2010.1036,,10.39,,
2010.1173,,,19.2,
2010.1309,,24.29,,
2010.1444,,,19.1,
2010.1579,,20.89,,
2010.1716,,,19.7,
2010.1854,,15.09,,
2010.1987,,,12.9,
2010.2123,,17.29,,
2010.2259,,,19.4,
2010.2394,,18.49,,
2010.253,,,12.6,
2010.2654,,9.69,,
2010.2802,,,16.1,
2010.2938,,15.79,,
2010.3073,,,11,
2010.3209,,18.69,,
2010.3345,,,17.7,
2010.348,,20.99,,
2010.3616,,,13.8,
2010.3751,,13.39,,
2010.3887,,,14.1,
2010.4023,,16.49,,
2010.4159,,,24,
2010.4282,,26.49,,
2010.4431,,,34.3,
2010.4565,,35.99,,
2010.4702,,,31.4,
2010.4837,,26.49,,
2010.4974,,,29.4,
2010.5108,,31.29,,
2010.5246,,,30.5,
2010.5381,,26.59,,
2010.5516,,,20.5,
2010.5644,,16.39,,
2010.5789,,,16.5,
2010.5923,,22.39,,
2010.6059,,,28,
2010.6195,,33.59,,
2010.6331,,,31.5,
2010.6466,,36.89,,
2010.6603,,,42.5,
2010.6735,,47.99,,
2010.6874,,,51.9,
2010.7009,,52.49,,
2010.7145,,,53.8,
2010.7281,,53.69,,
2010.7417,,,46.1,
2010.7552,,40.29,,
2010.7689,,,41,
2010.7824,,54.59,,
2010.796,,,53.5,
2010.8096,,52.99,,
2010.8231,,,36.2,
2010.8366,,28.19,,
2010.8502,,,21.8,
2010.8639,,33.69,,
2010.8775,,,38,
2010.8909,,33.19,,
2010.9047,,,32.7,
2010.9182,,30.79,,
2010.9317,,,31.9,
2010.9452,,33.19,,
2010.959,,,33.9,
2010.9724,,29.99,,
2010.9861,,,29,
2010.9996,,26.39,,
2011.0132,,,28.2,
2011.0266,,28.39,,
2011.0403,,,36,
2011.0538,,21.99,,
2011.0675,,,18.7,
2011.0809,,15.89,,
2011.0946,,,18.5,
2011.108,,19.29,,
2011.1218,,,25.6,
2011.1353,,29.89,,
2011.1489,,,29.2,
2011.1624,,25.99,,
2011.176,,,24.8,
2011.1895,,17.39,,
2011.2032,,,13.4,
2011.2168,,9.59,,
2011.2303,,,12.4,
2011.2439,,15.69,,
2011.2575,,,16.6,
2011.2709,,21.39,,
2011.2846,,,17.5,
2011.2981,,9.19,,
2011.3118,,,16.4,
2011.3253,,21.99,,
2011.3389,,,19.2,
2011.3525,,20.29,,
2011.3661,,,20.1,
2011.3796,,8.59,,
2011.3932,,,5.5,
2011.4067,,5.19,,
2011.4204,,,10.6,
2011.4338,,17.79,,
2011.4475,,,22.4,
2011.461,,25.19,,
2011.4747,,,35.5,
2011.4883,,38.89,,
2011.5018,,,31.4,
2011.5153,,20.99,,
2011.5289,,,26.7,
2011.5425,,27.49,,
2011.5561,,,29.3,
2011.5696,,19.49,,
2011.5833,,,18,
2011.5968,,14.89,,
2011.6104,,,20.6,
2011.6238,,27.09,,
2011.6376,,,35.6,
2011.6512,,36.19,,
2011.6647,,,27.3,
2011.6782,,24.19,,
2011.6919,,,25.9,
2011.7054,,30.49,,
2011.719,,,32.5,
2011.7319,,27.29,,
2011.7462,,,25.7,
2011.7592,,36.19,,
2011.7733,,,37.7,
2011.7869,,47.39,,
2011.8005,,,57.4,
2011.814,,55.99,,
2011.8276,,,46.7,
2011.8411,,44.39,,
2011.8548,,,40.4,
2011.8683,,39.29,,
2011.8819,,,41.2,
2011.8954,,37.89,,
2011.9091,,,44.5,
2011.9224,,46.19,,
2011.9361,,,49.8,
2011.9498,,45.59,,
2011.9634,,,42.9,
2011.9769,,37.99,,
2011.9905,,,33.3,
2012.0041,,27.49,,
2012.0177,,,24.5,
2012.0312,,22.99,,
2012.0448,,,33.3,
2012.0584,,30.29,,
2012.072,,,22.4,
2012.0852,,16.39,,
2012.0991,,,25.5,
2012.1123,,32.09,,
2012.1262,,,27.9,
2012.1269,,40.39,,
2012.1534,,,14.7,
2012.167,,9.99,,
2012.1805,,,19,
2012.2077,,,21,
2012.2348,,,25.4,
2012.262,,,31.4,
2012.2891,,,34.5,
2012.3163,,,26.2,
2012.3434,,,18.4,
2012.3646,,27.89,,
2012.3705,,,26.4,
2012.3944,,18.19,,
2012.3977,,,16.4,
2012.4241,,17.59,,
2012.4249,,,17.6,
2012.4519,,,25.8,
2012.4539,,21.99,,
2012.4745,,22.09,,
2012.4792,,,30.8,
2012.4948,,24.19,,
2012.5063,,,29.1,
2012.5248,,28.79,,
2012.5335,,,33,
2012.5545,,29.49,,
2012.5606,,,28.3,
2012.5843,,35.19,,
2012.5877,,,39.4,
2012.6048,,40.89,,
2012.6149,,,43.5,
2012.6252,,44.29,,
2012.642,,,48.6,
2012.6551,,46.09,,
2012.6692,,,45,
2012.6847,,43.69,,
2012.6964,,,41.5,
2012.7147,,50.59,,
2012.7236,,,45.7,
2012.7349,,43.79,,
2012.7507,,,51.4,
2012.7555,,53.89,,
2012.7778,,,53.8,
2012.7851,,52.59,,
2012.8049,,,61.5,
2012.8151,,62.09,,
2012.8322,,,62,
2012.8355,,69.69,,
2012.8559,,55.89,,
2012.8593,,,55.2,
2012.8857,,46.79,,
2012.8864,,,46,
2012.9135,,,44.4,
2012.9153,,45.29,,
2012.9407,,,37.3,
2012.9452,,31.49,,
2012.9658,,34.19,,
2012.9679,,,30.9,
2012.9865,,31.59,,
2012.995,,,29.2,
2013.0161,,40.09,,
2013.0222,,,37.9,
2013.0457,,41.39,,
2013.0493,,,37.8,
2013.0758,,40.59,,
2013.0765,,,38.9,
2013.0962,,47.79,,
2013.1036,,,46.3,
2013.1166,,33.69,,
2013.1308,,,27.1,
2013.1463,,22.19,,
2013.1579,,,25.1,
2013.185,,,34.3,
2013.2122,,,32.8,
2013.2197,,30.79,,
2013.2265,,32.59,,
2013.2469,,36.69,,
2013.2765,,23.49,,
2013.2937,,,29.8,
2013.3064,,26.59,,
2013.3208,,,30.3,
2013.3269,,26.79,,
2013.3473,,43.39,,
2013.3479,,,38.5,
2013.3751,,,27.8,
2013.377,,31.79,,
2013.4022,,,21.2,
2013.4069,,19.09,,
2013.4294,,,13.6,
2013.4367,,15.29,,
2013.4565,,,25.9,
2013.4572,,24.99,,
2013.4836,,,30.1,
2013.5108,,,46.9,
2013.5379,,,47.4,
2013.5652,,,33.3,
2013.5923,,,41.8,
2013.6194,,,38.4,
2013.6465,,,39.1,
2013.6698,,,43.2,
2013.7072,,,37.7,
2013.728,,,40.2,
2013.7551,,,38.8,
2013.7823,,,52.6,
2013.8094,,,59.2,
2013.8366,,,68.6,
2013.8637,,,52,
2013.8909,,,58.5,
2013.918,,,55.5,
2013.9452,,,62.3,
2013.9723,,,50.2,
2013.9994,,,43.8,
2014.0267,,,41.6,
2014.0538,,,33.7,
2014.081,,,32.1,
2014.108,,,31.8,
2014.1353,,,30.2,
2014.1623,,,28,
2014.1896,,,18.7,
2014.2167,,,17.2,
2014.2438,,,23.5,
2014.2709,,,19.4,
2014.2981,,,28.3,
2014.3252,,,24,
2014.3524,,,36.4,
2014.3794,,,25.1,
2014.4068,,,19.8,
2014.4339,,,15.9,
2014.461,,,29.1,
2014.4881,,,38.9,
2014.5153,,,45.1,
2014.5424,,,36.3,
2014.5695,,,37.5,
2014.5968,,,40.8,
2014.6238,,,41.5,
2014.6511,,,46.9,
2014.678,,,46.2,
2014.7054,,,46.3,
2014.7325,,,50.2,
2014.7596,,,55.4,
2014.7868,,,51.4,
2014.8139,,,61.9,
2014.8411,,,54.3,
2014.8682,,,62.4,
2014.8954,,,63.4,
2014.9225,,,61.9,
2014.9498,,,54.3,
2014.978,,,34.9,
2015.004,,,28.7,
2015.0311,,,29.7,
2015.0583,,,36.1,
2015.0854,,,42.2,
2015.1126,,,37.4,
2015.1398,,,48.2,
2015.1668,,,38.8,
2015.1939,,,39.4,
2015.2211,,,41.3,
2015.2484,,,36.5,
2015.2755,,,31.8,
2015.3026,,,34,
2015.3296,,,40.3,
2015.3568,,,38.2,
2015.3841,,,23.1,
2015.4111,,,35.5,
2015.4383,,,25.8,
2015.4654,,,31.4,
2015.4926,,,44,
2015.5198,,,41.2,
2015.5469,,,53.3,
2015.574,,,48.2,
2015.6012,,,53.1,
2015.6284,,,54.3,
2015.6555,,,57.7,
2015.6826,,,64.3,
2015.7098,,,62.1,
2015.7369,,,57.7,
2015.7641,,,68.5,
2015.7912,,,70.3,
2015.8184,,,73.4,
2015.8455,,,62.2,
2015.8727,,,60.7,
2015.8999,,,55.4,
2015.9271,,,58.3,
2015.9541,,,51,
2015.9814,,,49,
2016.0084,,,46.8,
2016.0358,,,50.1,
2016.0627,,,51.3,
2016.0898,,,54.7,
2016.1171,,,44.8,
2016.123,,,,42.18
2016.1442,,,45,
2016.1443,,,,42.58
2016.1713,,,43.6,41.88
2016.1964,,,,36.68
2016.1985,,,36.4,
2016.2255,,,35,
2016.2256,,,,35.48
2016.2517,,,36,
2016.2528,,,,36.18
2016.2799,,,40.2,39.98
2016.307,,,52.5,53.88
2016.3342,,,57.1,58.38
2016.3614,,,47.6,50.38
2016.3884,,,34.7,
2016.3885,,,,38.38
2016.4157,,,23,24.68
2016.4428,,,27.4,
2016.4429,,,,27.08
2016.47,,,40.3,39.38
2016.4971,,,38.4,
2016.4972,,,,37.28
2016.5242,,,39.7,
2016.5243,,,,39.08
2016.5514,,,56.4,
2016.5515,,,,54.58
2016.5785,,,61.4,
2016.5786,,,,59.88
2016.6057,,,57,
2016.6058,,,,54.38
2016.6328,,,49.4,46.98
2016.66,,,55.1,
2016.6601,,,,55.18
2016.6872,,,57,58.08
2016.7143,,,57.9,60.18
2016.7415,,,61.7,65.18
2016.7686,,,,66.78
2016.7957,,,,61.08
2016.8229,,,,72.58
2016.8502,,,,72.88
2016.8772,,,,65.08
2016.9044,,,,60.68
2016.9303,,,,61.98
2016.9587,,,,66.38
2016.9859,,,,46.48
2017.0129,,,,51.48
2017.0401,,,,47.38
2017.0673,,,,48.18
2017.0943,,,,50.38
2017.1215,,,,40.78
2017.1486,,,,51.18
2017.1758,,,,50.88
2017.203,,,,41.98
2017.2301,,,,38.28
2017.2573,,,,43.18
2017.2844,,,,54.38
2017.3114,,,,54.78
2017.3387,,,,45.58
2017.3659,,,,52.38
2017.393,,,,50.98
2017.4201,,,,48.58
2017.4474,,,,51.38
2017.4745,,,,49.38
2017.5016,,,,58.98
2017.5287,,,,56.08
2017.5559,,,,39.18
2017.583,,,,61.08
2017.6102,,,,67.08
2017.6373,,,,58.48
2017.6645,,,,70.38
2017.6916,,,,86.48
2017.7189,,,,88.38
2017.7459,,,,72.98
2017.7731,,,,78.98
2017.8002,,,,67.48
2017.8274,,,,63.98
2017.8545,,,,75.68
2017.8817,,,,78.88
2017.9089,,,,76.58
2017.936,,,,74.78
2017.9632,,,,70.58
2017.9903,,,,69.28
2018.0175,,,,72.38
2018.0446,,,,71.38
2018.0717,,,,70.38
2018.0988,,,,71.48
2018.126,,,,62.88
2018.1531,,,,54.88
2018.1804,,,,58.78
2018.2075,,,,49.88
2018.2346,,,,54.98
2018.2617,,,,64.78
2018.2889,,,,58.88
2018.3159,,,,46.28
2018.3432,,,,49.18
2018.3703,,,,47.38
2018.3975,,,,45.18
2018.4246,,,,42.98
2018.4518,,,,33.48
2018.4789,,,,40.98
2018.5061,,,,48.08
2018.5332,,,,42.98
2018.5604,,,,53.88
2018.5875,,,,63.98
2018.6147,,,,54.28
2018.6418,,,,64.68
2018.669,,,,76.48
2018.6962,,,,90.28
2018.7233,,,,80.98
2018.7505,,,,71.88
2018.7776,,,,79.28
2018.8047,,,,85.68
2018.8319,,,,84.68
2018.859,,,,84.08
2018.8863,,,,90.88
2018.9133,,,,83.88
2018.9405,,,,66.38
2018.9677,,,,57.18
2018.9947,,,,63.68
2019.0219,,,,60.08
2019.049,,,,68.68
2019.0762,,,,67.98
2019.1034,,,,62.68
2019.1304,,,,64.48
2019.1464,,,,73.48
2019.188,,,,58.38
2019.2118,,,,56.18
2019.2391,,,,60.18
2019.2603,,,,57.18
2019.2934,,,,62.68
2019.3205,,,,58.18
2019.3477,,,,64.38
2019.3748,,,,63.48
2019.4019,,,,63.88
2019.4291,,,,60.58
2019.4562,,,,54.78
2019.4835,,,,58.68
2019.5105,,,,65.48
2019.5377,,,,63.18
2019.5648,,,,68.98
2019.592,,,,60.58
2019.6191,,,,68.28
2019.6463,,,,71.18
2019.6734,,,,74.88
2019.7006,,,,71.98
2019.7278,,,,88.78
2019.7549,,,,91.58
2019.7821,,,,97.98
2019.8093,,,,89.58
2019.8364,,,,93.88
2019.8636,,,,99.38
2019.8907,,,,100.28
2019.9178,,,,90.68
2019.945,,,,78.18
2019.9722,,,,80.18
2019.9992,,,,72.48
2020.0264,,,,70.18
2020.0535,,,,79.88
2020.0752,,,,72.68
2020.1133,,,,59.28
2020.135,,,,64.38
2020.1621,,,,67.68
2020.1893,,,,74.38
2020.2163,,,,63.88
2020.2436,,,,66.58
2020.2707,,,,62.18
2020.2978,,,,56.68
2020.325,,,,57.58
2020.3521,,,,49.78
2020.3793,,,,35.58
2020.4064,,,,56.08
2020.4336,,,,59.68
2020.46,,,,53.88
2020.4879,,,,62.48
2020.5151,,,,54.78
2020.5422,,,,63.98
2020.5693,,,,69.68
2020.5965,,,,76.78
2020.6237,,,,72.98
2020.6508,,,,76.88
2020.6779,,,,85.98
2020.7052,,,,73.98
2020.7323,,,,73.08
2020.7595,,,,80.38
2020.7866,,,,84.18
2020.8116,,,,84.98
2020.8416,,,,87.38
2020.868,,,,98.78
2020.8952,,,,90.68
2020.9222,,,,80.78
2020.9495,,,,74.38
2020.9767,,,,78.18
2021.0038,,,,65.78
2021.0309,,,,68.48
2021.058,,,,75.28
2021.0852,,,,79.18
2021.1122,,,,74.68
2021.1394,,,,67.58
2021.1665,,,,63.98
2021.1937,,,,64.38
2021.2209,,,,65.38
2021.2481,,,,59.88
2021.2752,,,,66.58
2021.302,,,,70.68
2021.3294,,,,69.48
2021.3566,,,,70.78
2021.3837,,,,56.28
2021.4108,,,,52.98
2021.438,,,,66.78
2021.4652,,,,68.98
2021.4924,,,,54.88
2021.5195,,,,63.78
2021.5467,,,,67.88
2021.5738,,,,72.98
2021.601,,,,79.88
2021.6281,,,,79.88
2021.6553,,,,74.28
2021.6825,,,,74.78
2021.7096,,,,79.88
2021.7368,,,,87.48
2021.7638,,,,102.58
2021.791,,,,109.68
2021.8182,,,,104.58
2021.8453,,,,100.48
2021.8725,,,,102.38
2021.8996,,,,109.38
2021.9267,,,,101.48
2021.9476,,,,94.98
